UPDATE `gaz_config` SET `cvalue` = '24' WHERE `id` =2;
CREATE TABLE `gaz_menu_module` (
  `id` int(4) NOT NULL,
  `id_module` int(4) NOT NULL,
  `link` varchar(50) NOT NULL default '',
  `icon` varchar(50) NOT NULL,
  `class` varchar(30) NOT NULL,
  `translate_key` int(2) NOT NULL default '0',
  `accesskey` varchar(1) NOT NULL,
  `weight` int(2) default NULL,
  PRIMARY KEY  (`id`)
) ENGINE=MyISAM  DEFAULT CHARSET=latin1;

INSERT INTO `gaz_menu_module` (`id`, `id_module`, `link`, `icon`, `class`, `translate_key`, `accesskey`, `weight`) VALUES 
(0, 1, 'admin.php', ' ', '', 1, '', 1),
(1, 2, 'report_scontr.php', '', '', 1, '', 1),
(2, 2, 'report_docven.php', '', ' ', 2, '', 2),
(3, 2, 'report_doctra.php', '', '', 3, '', 3),
(4, 2, 'report_broven.php?auxil=VPR', '', '', 4, '', 4),
(5, 2, 'report_broven.php?auxil=VOR', '', '', 5, '', 5),
(6, 2, 'report_effett.php', '', '', 6, '', 6),
(7, 2, 'report_client.php', '', '', 7, '', 7),
(8, 2, 'report_salcon.php', '', '', 8, '', 8),
(9, 2, '../magazz/report_statis.php', '', '', 9, '', 9),
(10, 3, 'report_broacq.php', '', '', 1, '', 1),
(11, 3, 'report_ddtacq.php', '', '', 2, '', 2),
(12, 3, 'report_docacq.php', '', '', 3, '', 3),
(13, 3, 'report_pagdeb.php', '', '', 4, '', 4),
(14, 3, 'report_fornit.php', '', '', 5, '', 5),
(15, 3, 'report_debiti.php', '', '', 6, '', 6),
(16, 3, 'stampa_schcar.php', '', '', 7, '', 7),
(17, 4, 'report_movcon.php', '', '', 1, '', 1),
(18, 4, 'report_piacon.php', '', '', 2, '', 2),
(19, 4, 'report_caucon.php', '', '', 3, '', 3),
(20, 4, 'select_regiva.php', '', '', 4, '', 4),
(21, 4, 'select_liqiva.php', '', '', 5, '', 5),
(22, 4, 'select_libgio.php', '', '', 6, '', 6),
(23, 5, 'report_artico.php', '', '', 1, '', 1),
(24, 5, 'report_catmer.php', '', '', 2, '', 2),
(25, 5, 'report_movmag.php', '', '', 3, '', 3),
(26, 5, 'report_caumag.php', '', '', 4, '', 4),
(27, 5, 'select_listin.php', '', '', 5, '', 5),
(28, 5, 'update_prezzi.php', '', '', 6, '', 6),
(29, 5, 'select_deplia.php', '', '', 7, '', 7),
(30, 5, 'report_statis.php', '', '', 8, '', 8),
(31, 6, 'select_comiva.php', '', '', 1, '', 1),
(32, 6, 'report_control.php', '', '', 2, '', 2),
(33, 6, 'select_elencf.php', '', '', 3, '', 3),
(34, 6, 'select_chiape.php', '', '', 4, '', 4),
(35, 6, 'select_bilanc.php', '', '', 5, '', 5),
(36, 6, 'select_bilcee.php', '', '', 6, '', 6),
(37, 7, 'admin_aziend.php', '', '', 1, '', 1),
(38, 7, 'report_banche.php', '', '', 2, '', 2),
(39, 7, 'report_aliiva.php', '', '', 3, '', 3),
(40, 7, 'report_pagame.php', '', '', 4, '', 4),
(41, 7, 'report_banapp.php', '', '', 5, '', 5),
(42, 7, 'report_spediz.php', '', '', 6, '', 6),
(43, 7, 'report_vettor.php', '', '', 7, '', 7),
(44, 7, 'report_imball.php', '', '', 8, '', 8),
(45, 7, 'report_portos.php', '', '', 9, '', 9),
(46, 7, 'report_utenti.php', '', '', 10, '', 10),
(47, 8, 'report_letter.php', '', '', 1, '', 1),
(48, 8, 'select_intest.php', '', '', 2, '', 2),
(49, 8, 'backup.php', '', '', 3, '', 3),
(50, 8, 'update_control.php', '', '', 4, '', 4);

CREATE TABLE `gaz_menu_script` (
  `id` int(4) NOT NULL,
  `id_menu` int(4) NOT NULL,
  `link` varchar(50) NOT NULL default '',
  `icon` varchar(50) NOT NULL,
  `class` varchar(30) NOT NULL,
  `translate_key` int(2) NOT NULL default '0',
  `accesskey` varchar(1) NOT NULL,
  `weight` int(2) default NULL,
  PRIMARY KEY  (`id`)
) ENGINE=MyISAM DEFAULT CHARSET=latin1;

DROP TABLE `gaz_module`;

CREATE TABLE `gaz_module` (
  `id` int(11) NOT NULL auto_increment,
  `name` varchar(30) NOT NULL default '',
  `link` varchar(50) NOT NULL default '',
  `icon` varchar(50) NOT NULL,
  `class` varchar(30) NOT NULL,
  `access` int(11) default '0',
  `weight` int(11) default NULL,
  PRIMARY KEY  (`id`)
) ENGINE=MyISAM  DEFAULT CHARSET=latin1 AUTO_INCREMENT=9 ;

INSERT INTO `gaz_module` (`id`, `name`, `link`, `icon`, `class`, `access`, `weight`) VALUES 
(1, 'root', 'admin.php', 'root.png', '', 0, 10),
(2, 'vendit', 'docume_vendit.php', 'vendit.png', '', 0, 2),
(3, 'acquis', 'docume_acquis.php', 'acquis.png', '', 0, 3),
(4, 'contab', 'docume_contab.php', 'contab.png', '', 0, 4),
(5, 'magazz', 'docume_magazz.php', 'magazz.png', '', 0, 5),
(6, 'finann', 'docume_finean.php', 'finann.png', '', 0, 6),
(7, 'config', 'docume_config.php', 'config.png', '', 0, 7),
(8, 'inform', 'docume_inform.php', 'inform.png', '', 0, 8);

UPDATE `gaz_config` SET `cvalue` = '25' WHERE `id` =2;
INSERT INTO `gaz_menu_script` (`id`, `id_menu`, `link`, `icon`, `class`, `translate_key`, `accesskey`, `weight`) VALUES 
(1, 1, 'admin_scontr.php?tipdoc=VCO&Insert', '', '', 1, '', 1),
(2, 2, 'admin_docven.php?Insert&tipdoc=FAI', '', '', 1, '', 1),
(3, 2, 'admin_docven.php?Insert&tipdoc=FNC', '', '', 2, '', 2),
(4, 2, 'admin_docven.php?Insert&tipdoc=FND', '', '', 3, '', 3),
(5, 2, 'select_fatdif.php', '', '', 4, '', 4),
(6, 2, 'emissi_fatdif.php', '', '', 5, '', 5),
(7, 2, 'contab_docven.php', '', '', 6, '', 6),
(8, 3, 'admin_docven.php?Insert&tipdoc=DDT', '', '', 1, '', 1),
(9, 4, 'admin_broven.php?Insert&tipdoc=VPR', '', '', 1, '', 1),
(10, 5, 'admin_broven.php?Insert&tipdoc=VOR', '', '', 1, '', 1),
(11, 5, 'select_evaord.php', '', '', 2, '', 2),
(12, 6, 'insert_effett.php', '', '', 1, '', 1),
(13, 6, 'genera_effett.php', '', '', 2, '', 2),
(14, 6, 'select_effett.php', '', '', 3, '', 3),
(15, 6, 'distin_effett.php', '', '', 4, '', 4),
(16, 6, 'select_filerb.php', '', '', 5, '', 5),
(17, 6, 'contab_effett.php', '', '', 6, '', 6),
(18, 7, 'admin_client.php?Insert', '', '', 1, '', 1),
(19, 7, 'report_credit.php', '', '', 2, '', 2),
(20, 10, 'admin_broacq.php?tipdoc=APR', '', '', 1, '', 1),
(21, 10, 'admin_broacq.php?tipdoc=AOR', '', '', 2, '', 2),
(22, 11, 'admin_docacq.php?seziva=1&tipdoc=DDR&Insert', '', '', 1, '', 1),
(23, 11, 'admin_docacq.php?seziva=1&tipdoc=DDL&Insert', '', '', 2, '', 2),
(24, 12, 'admin_docacq.php?Insert&tipdoc=AFA', '', '', 1, '', 1),
(25, 12, 'admin_docacq.php?Insert&tipdoc=AFC', '', '', 2, '', 2),
(26, 12, 'contab_docacq.php?seziva=1', '', '', 3, '', 3),
(27, 14, 'admin_fornit.php?Insert', '', '', 1, '', 1),
(28, 17, 'admin_movcon.php?Insert', '', '', 1, '', 1),
(29, 18, 'insert_piacon.php', '', '', 1, '', 1),
(30, 18, 'select_partit.php?codice=108000030', '', '', 2, '', 2),
(31, 19, 'admin_caucon.php?Insert', '', '', 1, '', 1),
(32, 23, 'admin_artico.php?Insert', '', '', 1, '', 1),
(33, 24, 'admin_catmer.php?Insert', '', '', 1, '', 1),
(34, 25, 'admin_movmag.php?Insert', '', '', 1, '', 1),
(35, 25, 'select_schart.php', '', '', 2, '', 2),
(36, 25, 'select_giomag.php', '', '', 3, '', 3),
(37, 25, 'genera_movmag.php', '', '', 4, '', 4),
(38, 26, 'admin_caumag.php?Insert', '', '', 1, '', 1),
(39, 32, 'error_rigmoc.php', '', '', 1, '', 1),
(40, 32, 'error_protoc.php', '', '', 2, '', 2),
(41, 38, 'insert_banche.php', '', '', 1, '', 1),
(42, 39, 'insert_aliiva.php', '', '', 1, '', 1),
(43, 40, 'insert_pagame.php', '', '', 1, '', 1),
(44, 41, 'insert_banapp.php', '', '', 1, '', 1),
(45, 42, 'insert_spediz.php', '', '', 1, '', 1),
(46, 43, 'insert_vettor.php', '', '', 1, '', 1),
(47, 44, 'insert_imball.php', '', '', 1, '', 1),
(48, 45, 'insert_portos.php', '', '', 1, '', 1),
(49, 46, 'admin_utente.php?Insert', '', '', 1, '', 1);
